part,benchmark,metric,method_a,method_b,qwen,llama,mistral
part1,cseo_bench,objective,evidence_structure_rewriting.conclusion_first,evidence_structure_rewriting.hierarchical_framing,0.007585774249909173,-0.020993627384131484,-0.06234259606086433
part1,cseo_bench,subjective,evidence_structure_rewriting.conclusion_first,evidence_structure_rewriting.hierarchical_framing,0.26868315311110313,-0.7359443299390025,-0.7427756863411714
part1,cseo_bench,objective,evidence_structure_rewriting.conclusion_first,readability_technicality.general_audience_register,0.06555295195819465,-0.032164854015415655,0.042993745526989896
part1,cseo_bench,objective,evidence_structure_rewriting.conclusion_first,readability_technicality.mixed_audience_register,0.03528079992876057,-0.03502345357200836,0.10417265716355668
part1,cseo_bench,objective,evidence_structure_rewriting.conclusion_first,readability_technicality.specialist_register,0.05989743705511416,-0.030712394152882128,0.11806018184407809
part1,cseo_bench,subjective,evidence_structure_rewriting.conclusion_first,readability_technicality.specialist_register,0.9219100918503296,-0.04818858176185348,1.1105599744379817
part1,cseo_bench,objective,evidence_structure_rewriting.hierarchical_framing,latent_intent_coverage.explicit_purpose,-0.0406154696902088,-0.10848563443961673,0.04231984697769048
part1,cseo_bench,subjective,evidence_structure_rewriting.hierarchical_framing,latent_intent_coverage.explicit_purpose,-0.6175973033334805,-0.2731923767169815,0.5030587132935738
part1,cseo_bench,objective,evidence_structure_rewriting.hierarchical_framing,readability_technicality.general_audience_register,0.05796717770828547,-0.011171226631284172,0.10533634158785422
part1,cseo_bench,objective,evidence_structure_rewriting.hierarchical_framing,readability_technicality.mixed_audience_register,0.027695025678851397,-0.014029826187876878,0.166515253224421
part1,cseo_bench,objective,evidence_structure_rewriting.hierarchical_framing,readability_technicality.specialist_register,0.05231166280520499,-0.009718766768750641,0.1804027779049424
part1,cseo_bench,objective,latent_intent_coverage.explicit_purpose,latent_intent_coverage.multiple_latent_intents,-0.017116659407373863,0.022889740419212948,-0.11007294102119061
part1,cseo_bench,subjective,latent_intent_coverage.explicit_purpose,latent_intent_coverage.multiple_latent_intents,0.20154963983198515,-0.8399466656680774,-1.0632644130257023
part1,cseo_bench,objective,latent_intent_coverage.explicit_purpose,latent_intent_coverage.single_latent_intent,0.024687229193355746,0.05652883601482267,-0.06172255482484068
part1,cseo_bench,subjective,latent_intent_coverage.explicit_purpose,latent_intent_coverage.single_latent_intent,-0.01021858473356918,0.18108110360015717,-0.9927128675468913
part1,cseo_bench,subjective,latent_intent_coverage.multiple_latent_intents,latent_intent_coverage.single_latent_intent,-0.21176822456555433,1.0210277692682346,0.07055154547881104
part1,cseo_bench,objective,readability_technicality.general_audience_register,readability_technicality.mixed_audience_register,-0.03027215202943407,-0.002858599556592706,0.06117891163656679
part1,cseo_bench,subjective,readability_technicality.general_audience_register,readability_technicality.mixed_audience_register,-0.3219898050486423,0.181922812705837,0.6190570312098772
part1,cseo_bench,objective,readability_technicality.general_audience_register,readability_technicality.specialist_register,-0.005655514903080478,0.0014524598625335304,0.07506643631708819
part1,cseo_bench,subjective,readability_technicality.general_audience_register,readability_technicality.specialist_register,-0.052423349227259,-0.16293213489284564,0.713528435210124
part1,cseo_bench,subjective,readability_technicality.mixed_audience_register,readability_technicality.specialist_register,0.2695664558213833,-0.3448549475986826,0.09447140400024678
part1,geo_bench,objective,evidence_structure_rewriting.conclusion_first,evidence_structure_rewriting.hierarchical_framing,0.06025566182190377,-0.033097440816470855,-0.17507785923026933
part1,geo_bench,subjective,evidence_structure_rewriting.conclusion_first,evidence_structure_rewriting.hierarchical_framing,0.8029229280556802,-0.3593019898644052,-1.323871551624963
part1,geo_bench,objective,evidence_structure_rewriting.conclusion_first,latent_intent_coverage.explicit_purpose,0.0896041603849598,-0.0871913256657616,0.010507010565930758
part1,geo_bench,subjective,evidence_structure_rewriting.conclusion_first,latent_intent_coverage.explicit_purpose,0.5921367772409198,-0.5467029426176329,-0.4207401015439234
part1,geo_bench,objective,evidence_structure_rewriting.conclusion_first,latent_intent_coverage.multiple_latent_intents,0.15464879084224703,-0.01877671858963327,-0.1742447940695391
part1,geo_bench,subjective,evidence_structure_rewriting.conclusion_first,latent_intent_coverage.multiple_latent_intents,0.8337812746442634,-0.24640465960778113,-0.8734276969785388
part1,geo_bench,objective,evidence_structure_rewriting.conclusion_first,latent_intent_coverage.single_latent_intent,0.10110045257689748,-0.15130760895873485,-0.13256188439857328
part1,geo_bench,subjective,evidence_structure_rewriting.conclusion_first,latent_intent_coverage.single_latent_intent,0.972704154392223,-1.3547523475607421,-0.9294507657260112
part1,geo_bench,objective,evidence_structure_rewriting.conclusion_first,readability_technicality.general_audience_register,0.05089203847262386,0.028430915953450688,-0.052156778897287315
part1,geo_bench,subjective,evidence_structure_rewriting.conclusion_first,readability_technicality.general_audience_register,1.0754265011502626,0.2507365501898027,-0.35519505013830566
part1,geo_bench,objective,evidence_structure_rewriting.conclusion_first,readability_technicality.mixed_audience_register,0.06510221505750616,-0.020722598497724384,-0.050021768036114134
part1,geo_bench,subjective,evidence_structure_rewriting.conclusion_first,readability_technicality.mixed_audience_register,1.4020996153287189,-0.0026665981366507108,-0.5565693258152016
part1,geo_bench,objective,evidence_structure_rewriting.conclusion_first,readability_technicality.specialist_register,0.0509188689842963,0.023849691464250464,-0.0039057792947306824
part1,geo_bench,subjective,evidence_structure_rewriting.conclusion_first,readability_technicality.specialist_register,1.1396891980875392,0.26700696275715785,-0.4844956562558469
part1,geo_bench,objective,evidence_structure_rewriting.hierarchical_framing,latent_intent_coverage.explicit_purpose,0.029348498563056036,-0.054093884849290744,0.1855848697962001
part1,geo_bench,subjective,evidence_structure_rewriting.hierarchical_framing,latent_intent_coverage.explicit_purpose,-0.21078615081476038,-0.18740095275322766,0.9031314500810397
part1,geo_bench,objective,evidence_structure_rewriting.hierarchical_framing,latent_intent_coverage.single_latent_intent,0.04084479075499372,-0.118210168142264,0.04251597483169606
part1,geo_bench,subjective,evidence_structure_rewriting.hierarchical_framing,latent_intent_coverage.single_latent_intent,0.1697812263365428,-0.9954503576963369,0.3944207858989519
part1,geo_bench,objective,evidence_structure_rewriting.hierarchical_framing,readability_technicality.general_audience_register,-0.009363623349279912,0.06152835676992154,0.12292108033298202
part1,geo_bench,objective,evidence_structure_rewriting.hierarchical_framing,readability_technicality.specialist_register,-0.00933679283760747,0.05694713228072132,0.17117207993553865
part1,geo_bench,objective,latent_intent_coverage.explicit_purpose,latent_intent_coverage.multiple_latent_intents,0.06504463045728724,0.06841460707612833,-0.18475180463546986
part1,geo_bench,subjective,latent_intent_coverage.explicit_purpose,latent_intent_coverage.multiple_latent_intents,0.2416444974033436,0.30029828300985173,-0.45268759543461545
part1,geo_bench,objective,latent_intent_coverage.explicit_purpose,latent_intent_coverage.single_latent_intent,0.011496292191937683,-0.06411628329297325,-0.14306889496450403
part1,geo_bench,subjective,latent_intent_coverage.explicit_purpose,latent_intent_coverage.single_latent_intent,0.3805673771513032,-0.8080494049431093,-0.5087106641820878
part1,geo_bench,objective,latent_intent_coverage.explicit_purpose,readability_technicality.general_audience_register,-0.038712121912335945,0.11562224161921228,-0.06266378946321807
part1,geo_bench,objective,latent_intent_coverage.explicit_purpose,readability_technicality.mixed_audience_register,-0.02450194532745365,0.06646872716803721,-0.06052877860204489
part1,geo_bench,subjective,latent_intent_coverage.explicit_purpose,readability_technicality.mixed_audience_register,0.809962838087799,0.5440363444809821,-0.1358292242712782
part1,geo_bench,objective,latent_intent_coverage.explicit_purpose,readability_technicality.specialist_register,-0.038685291400663506,0.11104101713001206,-0.01441278986066144
part1,geo_bench,subjective,latent_intent_coverage.explicit_purpose,readability_technicality.specialist_register,0.5475524208466194,0.8137099053747907,-0.06375555471192351
part1,geo_bench,objective,latent_intent_coverage.multiple_latent_intents,latent_intent_coverage.single_latent_intent,-0.053548338265349556,-0.1325308903691016,0.04168290967096583
part1,geo_bench,subjective,latent_intent_coverage.multiple_latent_intents,latent_intent_coverage.single_latent_intent,0.13892287974795958,-1.108347687952961,-0.056023068747472315
part1,geo_bench,objective,latent_intent_coverage.multiple_latent_intents,readability_technicality.general_audience_register,-0.10375675236962319,0.04720763454308396,0.12208801517225179
part1,geo_bench,objective,latent_intent_coverage.multiple_latent_intents,readability_technicality.mixed_audience_register,-0.08954657578474089,-0.0019458799080911138,0.12422302603342497
part1,geo_bench,objective,latent_intent_coverage.multiple_latent_intents,readability_technicality.specialist_register,-0.10372992185795074,0.042626410053883734,0.17033901477480842
part1,geo_bench,objective,latent_intent_coverage.single_latent_intent,readability_technicality.general_audience_register,-0.05020841410427363,0.17973852491218553,0.08040510550128596
part1,geo_bench,objective,latent_intent_coverage.single_latent_intent,readability_technicality.mixed_audience_register,-0.03599823751939134,0.13058501046101045,0.08254011636245914
part1,geo_bench,objective,latent_intent_coverage.single_latent_intent,readability_technicality.specialist_register,-0.05018158359260119,0.17515730042298533,0.1286561051038426
part1,geo_bench,objective,readability_technicality.general_audience_register,readability_technicality.mixed_audience_register,0.014210176584882297,-0.04915351445117507,0.002135010861173181
part1,geo_bench,subjective,readability_technicality.general_audience_register,readability_technicality.mixed_audience_register,0.32667311417845624,-0.2534031483264534,-0.20137427567689592
part1,geo_bench,objective,readability_technicality.general_audience_register,readability_technicality.specialist_register,2.683051167244252e-05,-0.004581224489200224,0.04825099960255663
part1,geo_bench,subjective,readability_technicality.general_audience_register,readability_technicality.specialist_register,0.0642626969372766,0.016270412567355175,-0.12930060611754124
part1,geo_bench,objective,readability_technicality.mixed_audience_register,readability_technicality.specialist_register,-0.014183346073209854,0.04457228996197485,0.04611598874138345
part1,geo_bench,subjective,readability_technicality.mixed_audience_register,readability_technicality.specialist_register,-0.26241041724117964,0.26967356089380856,0.07207366955935468
part2,cseo_bench,objective,cseo.content_improvement,geo.cite_sources,-0.05236038193691864,0.18971349587950415,0.07968361326721976
part2,cseo_bench,objective,cseo.content_improvement,geo.quotation_addition,-0.08763228061920113,0.08586273006879463,0.05462056951408656
part2,cseo_bench,objective,cseo.content_improvement,geo.statistics_addition,-0.0998186588352011,0.20859883851397645,0.16230688484858324
part2,cseo_bench,subjective,geo.cite_sources,geo.quotation_addition,0.10681435832063091,-0.4901815235034106,0.1602131463677643
part2,cseo_bench,objective,geo.cite_sources,geo.statistics_addition,-0.047458276898282456,0.0188853426344723,0.08262327158136347
part2,cseo_bench,subjective,geo.cite_sources,geo.statistics_addition,-0.145961813601442,0.40968149541121845,0.44778797113838165
part2,cseo_bench,objective,geo.quotation_addition,geo.statistics_addition,-0.012186378215999966,0.12273610844518182,0.10768631533449667
part2,cseo_bench,subjective,geo.quotation_addition,geo.statistics_addition,-0.2527761719220729,0.899863018914629,0.28757482477061735
part2,geo_bench,subjective,cseo.content_improvement,geo.cite_sources,-0.2922483045152524,0.32509252378832354,-0.17319457664603943
part2,geo_bench,objective,cseo.content_improvement,geo.quotation_addition,-0.12288783093177155,0.06691407607975958,-0.18795741664308352
part2,geo_bench,subjective,cseo.content_improvement,geo.quotation_addition,-0.07242074287958644,0.8012828084245145,-1.0154784411288293
part2,geo_bench,objective,cseo.content_improvement,geo.statistics_addition,-0.06818054405628785,0.07922527348084829,0.02345906697521649
part2,geo_bench,subjective,cseo.content_improvement,geo.statistics_addition,-0.2397231164617355,0.4998257534698656,0.012792690875099932
part2,geo_bench,objective,geo.cite_sources,geo.quotation_addition,-0.031658274332895975,0.0775486917412927,-0.17256999771011092
part2,geo_bench,subjective,geo.cite_sources,geo.quotation_addition,0.21982756163566597,0.47619028463619095,-0.8422838644827899
part2,geo_bench,subjective,geo.quotation_addition,geo.statistics_addition,-0.16730237358214906,-0.3014570549546489,1.0282711320039293
